"Plot","Tree","Spec","DBH","Age","Year","Count","ID"
1,1,"ABLA",27.2,195,"2016",0,1
1,1,"ABLA",27.2,195,"2017",4,1
1,1,"ABLA",27.2,195,"2018",0,1
1,1,"PIEN",31.5,321,"2016",49,2
1,1,"PIEN",31.5,321,"2017",6,2
1,1,"PIEN",31.5,321,"2018",10,2
1,2,"ABLA",24.4,211,"2016",3,23
1,2,"ABLA",24.4,211,"2017",0,23
1,2,"ABLA",24.4,211,"2018",0,23
1,2,"PIEN",32.9,316,"2016",153,24
1,2,"PIEN",32.9,316,"2017",70,24
1,2,"PIEN",32.9,316,"2018",5,24
1,3,"ABLA",33.8,216,"2016",10,45
1,3,"ABLA",33.8,216,"2017",3,45
1,3,"ABLA",33.8,216,"2018",1,45
1,3,"PIEN",26.9,337,"2016",192,46
1,3,"PIEN",26.9,337,"2017",0,46
1,3,"PIEN",26.9,337,"2018",32,46
1,4,"ABLA",28,255,"2016",3,65
1,4,"ABLA",28,255,"2017",22,65
1,4,"ABLA",28,255,"2018",1,65
1,4,"PIEN",34.7,336,"2016",75,66
1,4,"PIEN",34.7,336,"2017",6,66
1,4,"PIEN",34.7,336,"2018",0,66
1,5,"ABLA",18.3,117,"2016",9,85
1,5,"ABLA",18.3,117,"2017",0,85
1,5,"ABLA",18.3,117,"2018",1,85
1,5,"PIEN",24.4,261,"2016",60,86
1,5,"PIEN",24.4,261,"2017",28,86
1,5,"PIEN",24.4,261,"2018",3,86
1,6,"ABLA",20,247,"2016",0,105
1,6,"ABLA",20,247,"2017",18,105
1,6,"ABLA",20,247,"2018",0,105
1,6,"PIEN",43,344,"2016",8,106
1,6,"PIEN",43,344,"2017",0,106
1,6,"PIEN",43,344,"2018",0,106
1,7,"ABLA",25.9,154,"2016",3,109
1,7,"ABLA",25.9,154,"2017",3,109
1,7,"ABLA",25.9,154,"2018",12,109
1,7,"PIEN",36.2,285,"2016",10,110
1,7,"PIEN",36.2,285,"2017",35,110
1,7,"PIEN",36.2,285,"2018",1,110
1,8,"ABLA",19.4,112,"2016",13,111
1,8,"ABLA",19.4,112,"2017",35,111
1,8,"ABLA",19.4,112,"2018",0,111
1,8,"PIEN",19,197,"2016",55,112
1,8,"PIEN",19,197,"2017",5,112
1,8,"PIEN",19,197,"2018",7,112
1,9,"ABLA",17.3,128,"2016",31,113
1,9,"ABLA",17.3,128,"2017",0,113
1,9,"ABLA",17.3,128,"2018",0,113
1,9,"PIEN",23,160,"2016",271,114
1,9,"PIEN",23,160,"2017",15,114
1,9,"PIEN",23,160,"2018",3,114
1,10,"ABLA",24.8,234,"2016",0,3
1,10,"ABLA",24.8,234,"2017",0,3
1,10,"ABLA",24.8,234,"2018",0,3
1,10,"PIEN",33,316,"2016",5,4
1,10,"PIEN",33,316,"2017",0,4
1,10,"PIEN",33,316,"2018",0,4
1,11,"ABLA",31.2,132,"2016",0,5
1,11,"ABLA",31.2,132,"2017",30,5
1,11,"ABLA",31.2,132,"2018",0,5
1,11,"PIEN",25.6,322,"2016",30,6
1,11,"PIEN",25.6,322,"2017",38,6
1,11,"PIEN",25.6,322,"2018",1,6
1,12,"ABLA",32.3,222,"2016",23,7
1,12,"ABLA",32.3,222,"2017",1,7
1,12,"ABLA",32.3,222,"2018",11,7
1,12,"PIEN",21.4,137,"2016",65,8
1,12,"PIEN",21.4,137,"2017",45,8
1,12,"PIEN",21.4,137,"2018",23,8
1,13,"ABLA",25.9,260,"2016",0,9
1,13,"ABLA",25.9,260,"2017",0,9
1,13,"ABLA",25.9,260,"2018",0,9
1,13,"PIEN",19,316,"2016",152,10
1,13,"PIEN",19,316,"2017",40,10
1,13,"PIEN",19,316,"2018",32,10
1,14,"ABLA",18.8,143,"2016",25,11
1,14,"ABLA",18.8,143,"2017",6,11
1,14,"ABLA",18.8,143,"2018",0,11
1,14,"PIEN",33,411,"2016",43,12
1,14,"PIEN",33,411,"2017",39,12
1,14,"PIEN",33,411,"2018",0,12
1,15,"ABLA",16.9,122,"2016",1,13
1,15,"ABLA",16.9,122,"2017",28,13
1,15,"ABLA",16.9,122,"2018",2,13
1,15,"PIEN",23.5,269,"2016",23,14
1,15,"PIEN",23.5,269,"2017",12,14
1,15,"PIEN",23.5,269,"2018",14,14
1,16,"ABLA",36.4,190,"2016",30,15
1,16,"ABLA",36.4,190,"2017",15,15
1,16,"ABLA",36.4,190,"2018",1,15
1,16,"PIEN",20.9,192,"2016",204,16
1,16,"PIEN",20.9,192,"2017",9,16
1,16,"PIEN",20.9,192,"2018",8,16
1,17,"ABLA",22,165,"2016",10,17
1,17,"ABLA",22,165,"2017",2,17
1,17,"ABLA",22,165,"2018",29,17
1,17,"PIEN",29.5,321,"2016",61,18
1,17,"PIEN",29.5,321,"2017",21,18
1,17,"PIEN",29.5,321,"2018",0,18
1,18,"ABLA",21.3,116,"2016",18,19
1,18,"ABLA",21.3,116,"2017",6,19
1,18,"ABLA",21.3,116,"2018",0,19
1,18,"PIEN",30.2,327,"2016",0,20
1,18,"PIEN",30.2,327,"2017",2,20
1,18,"PIEN",30.2,327,"2018",2,20
1,19,"ABLA",8.6,95,"2016",48,21
1,19,"ABLA",8.6,95,"2017",25,21
1,19,"ABLA",8.6,95,"2018",4,21
1,19,"PIEN",32,206,"2016",61,22
1,19,"PIEN",32,206,"2017",0,22
1,19,"PIEN",32,206,"2018",3,22
1,20,"ABLA",23.2,166,"2016",67,25
1,20,"ABLA",23.2,166,"2017",0,25
1,20,"ABLA",23.2,166,"2018",29,25
1,20,"PIEN",25.9,514,"2016",17,26
1,20,"PIEN",25.9,514,"2017",25,26
1,20,"PIEN",25.9,514,"2018",7,26
1,21,"ABLA",17.1,233,"2016",0,27
1,21,"ABLA",17.1,233,"2017",6,27
1,21,"ABLA",17.1,233,"2018",0,27
1,21,"PIEN",19.3,256,"2016",53,28
1,21,"PIEN",19.3,256,"2017",0,28
1,21,"PIEN",19.3,256,"2018",0,28
1,22,"ABLA",30.5,268,"2016",43,29
1,22,"ABLA",30.5,268,"2017",0,29
1,22,"ABLA",30.5,268,"2018",4,29
1,22,"PIEN",15.1,376,"2016",1,30
1,22,"PIEN",15.1,376,"2017",0,30
1,22,"PIEN",15.1,376,"2018",0,30
1,23,"ABLA",22.3,209,"2016",21,31
1,23,"ABLA",22.3,209,"2017",0,31
1,23,"ABLA",22.3,209,"2018",0,31
1,23,"PIEN",20.5,299,"2016",69,32
1,23,"PIEN",20.5,299,"2017",0,32
1,23,"PIEN",20.5,299,"2018",0,32
1,24,"ABLA",11.2,163,"2016",0,33
1,24,"ABLA",11.2,163,"2017",0,33
1,24,"ABLA",11.2,163,"2018",0,33
1,24,"PIEN",18.2,216,"2016",67,34
1,24,"PIEN",18.2,216,"2017",15,34
1,24,"PIEN",18.2,216,"2018",2,34
1,25,"ABLA",19.4,186,"2016",0,35
1,25,"ABLA",19.4,186,"2017",0,35
1,25,"ABLA",19.4,186,"2018",0,35
1,25,"PIEN",5.4,311,"2016",5,36
1,25,"PIEN",5.4,311,"2017",0,36
1,25,"PIEN",5.4,311,"2018",0,36
1,26,"ABLA",17,247,"2016",0,37
1,26,"ABLA",17,247,"2017",0,37
1,26,"ABLA",17,247,"2018",0,37
1,26,"PIEN",25.1,353,"2016",25,38
1,26,"PIEN",25.1,353,"2017",10,38
1,26,"PIEN",25.1,353,"2018",0,38
1,27,"ABLA",15.3,208,"2016",0,39
1,27,"ABLA",15.3,208,"2017",0,39
1,27,"ABLA",15.3,208,"2018",0,39
1,27,"PIEN",19.6,309,"2016",26,40
1,27,"PIEN",19.6,309,"2017",0,40
1,27,"PIEN",19.6,309,"2018",0,40
1,28,"ABLA",13,103,"2016",0,41
1,28,"ABLA",13,103,"2017",0,41
1,28,"ABLA",13,103,"2018",0,41
1,28,"PIEN",22.6,302,"2016",2,42
1,28,"PIEN",22.6,302,"2017",5,42
1,28,"PIEN",22.6,302,"2018",0,42
1,29,"ABLA",18.1,132,"2016",9,43
1,29,"ABLA",18.1,132,"2017",20,43
1,29,"ABLA",18.1,132,"2018",3,43
1,29,"PIEN",19.5,292,"2016",2,44
1,29,"PIEN",19.5,292,"2017",0,44
1,29,"PIEN",19.5,292,"2018",0,44
1,30,"ABLA",17.2,95,"2016",8,47
1,30,"ABLA",17.2,95,"2017",55,47
1,30,"ABLA",17.2,95,"2018",2,47
1,30,"PIEN",14,92,"2016",124,48
1,30,"PIEN",14,92,"2017",31,48
1,30,"PIEN",14,92,"2018",65,48
1,31,"ABLA",11.7,101,"2016",1,49
1,31,"ABLA",11.7,101,"2017",3,49
1,31,"ABLA",11.7,101,"2018",0,49
1,31,"PIEN",13.5,98,"2016",7,50
1,31,"PIEN",13.5,98,"2017",25,50
1,31,"PIEN",13.5,98,"2018",11,50
1,33,"ABLA",8.5,145,"2016",4,51
1,33,"ABLA",8.5,145,"2017",4,51
1,33,"ABLA",8.5,145,"2018",0,51
1,33,"PIEN",14.3,160,"2016",0,52
1,33,"PIEN",14.3,160,"2017",0,52
1,33,"PIEN",14.3,160,"2018",0,52
1,34,"ABLA",14.9,131,"2016",0,53
1,34,"ABLA",14.9,131,"2017",10,53
1,34,"ABLA",14.9,131,"2018",0,53
1,34,"PIEN",21,300,"2016",0,54
1,34,"PIEN",21,300,"2017",3,54
1,34,"PIEN",21,300,"2018",0,54
1,35,"ABLA",7.3,133,"2016",0,55
1,35,"ABLA",7.3,133,"2017",0,55
1,35,"ABLA",7.3,133,"2018",0,55
1,35,"PIEN",21,258,"2016",9,56
1,35,"PIEN",21,258,"2017",28,56
1,35,"PIEN",21,258,"2018",0,56
1,36,"ABLA",25.4,259,"2016",0,57
1,36,"ABLA",25.4,259,"2017",7,57
1,36,"ABLA",25.4,259,"2018",3,57
1,36,"PIEN",18.5,295,"2016",5,58
1,36,"PIEN",18.5,295,"2017",1,58
1,36,"PIEN",18.5,295,"2018",0,58
1,37,"ABLA",10,155,"2016",0,59
1,37,"ABLA",10,155,"2017",0,59
1,37,"ABLA",10,155,"2018",0,59
1,37,"PIEN",13.9,239,"2016",0,60
1,37,"PIEN",13.9,239,"2017",3,60
1,37,"PIEN",13.9,239,"2018",0,60
1,38,"ABLA",16,99,"2016",12,61
1,38,"ABLA",16,99,"2017",1,61
1,38,"ABLA",16,99,"2018",12,61
1,38,"PIEN",21.8,221,"2016",10,62
1,38,"PIEN",21.8,221,"2017",75,62
1,38,"PIEN",21.8,221,"2018",5,62
1,39,"ABLA",8.6,115,"2016",0,63
1,39,"ABLA",8.6,115,"2017",0,63
1,39,"ABLA",8.6,115,"2018",0,63
1,39,"PIEN",15,200,"2016",52,64
1,39,"PIEN",15,200,"2017",6,64
1,39,"PIEN",15,200,"2018",7,64
1,40,"ABLA",10.6,137,"2016",5,67
1,40,"ABLA",10.6,137,"2017",4,67
1,40,"ABLA",10.6,137,"2018",5,67
1,40,"PIEN",17.9,367,"2016",38,68
1,40,"PIEN",17.9,367,"2017",4,68
1,40,"PIEN",17.9,367,"2018",4,68
1,41,"ABLA",15.9,145,"2016",1,69
1,41,"ABLA",15.9,145,"2017",8,69
1,41,"ABLA",15.9,145,"2018",0,69
1,41,"PIEN",6.1,168,"2016",0,70
1,41,"PIEN",6.1,168,"2017",0,70
1,41,"PIEN",6.1,168,"2018",0,70
1,42,"ABLA",10.1,133,"2016",0,71
1,42,"ABLA",10.1,133,"2017",8,71
1,42,"ABLA",10.1,133,"2018",0,71
1,42,"PIEN",6.8,228,"2016",0,72
1,42,"PIEN",6.8,228,"2017",0,72
1,42,"PIEN",6.8,228,"2018",0,72
1,43,"ABLA",8.8,156,"2016",2,73
1,43,"ABLA",8.8,156,"2017",7,73
1,43,"ABLA",8.8,156,"2018",4,73
1,43,"PIEN",6,105,"2016",0,74
1,43,"PIEN",6,105,"2017",0,74
1,43,"PIEN",6,105,"2018",0,74
1,44,"ABLA",6.5,196,"2016",0,75
1,44,"ABLA",6.5,196,"2017",0,75
1,44,"ABLA",6.5,196,"2018",0,75
1,44,"PIEN",7.5,100,"2016",0,76
1,44,"PIEN",7.5,100,"2017",1,76
1,44,"PIEN",7.5,100,"2018",2,76
1,45,"ABLA",16.3,172,"2016",0,77
1,45,"ABLA",16.3,172,"2017",7,77
1,45,"ABLA",16.3,172,"2018",0,77
1,45,"PIEN",5.6,88,"2016",0,78
1,45,"PIEN",5.6,88,"2017",0,78
1,45,"PIEN",5.6,88,"2018",0,78
1,46,"ABLA",10.3,125,"2016",0,79
1,46,"ABLA",10.3,125,"2017",0,79
1,46,"ABLA",10.3,125,"2018",0,79
1,46,"PIEN",13.5,249,"2016",2,80
1,46,"PIEN",13.5,249,"2017",0,80
1,46,"PIEN",13.5,249,"2018",0,80
1,47,"PIEN",12.3,263,"2016",0,81
1,47,"PIEN",12.3,263,"2017",0,81
1,47,"PIEN",12.3,263,"2018",0,81
1,48,"ABLA",7.3,101,"2016",0,82
1,48,"ABLA",7.3,101,"2017",14,82
1,48,"ABLA",7.3,101,"2018",3,82
1,48,"PIEN",4.1,77,"2016",0,83
1,48,"PIEN",4.1,77,"2017",0,83
1,48,"PIEN",4.1,77,"2018",0,83
1,49,"PIEN",4.8,142,"2016",0,84
1,49,"PIEN",4.8,142,"2017",0,84
1,49,"PIEN",4.8,142,"2018",0,84
1,50,"ABLA",6.3,109,"2016",0,87
1,50,"ABLA",6.3,109,"2017",0,87
1,50,"ABLA",6.3,109,"2018",0,87
1,50,"PIEN",8.5,272,"2016",0,88
1,50,"PIEN",8.5,272,"2017",0,88
1,50,"PIEN",8.5,272,"2018",0,88
1,51,"PIEN",10.8,214,"2016",20,89
1,51,"PIEN",10.8,214,"2017",2,89
1,51,"PIEN",10.8,214,"2018",0,89
1,52,"ABLA",6.2,196,"2016",0,90
1,52,"ABLA",6.2,196,"2017",0,90
1,52,"ABLA",6.2,196,"2018",0,90
1,52,"PIEN",7.1,236,"2016",0,91
1,52,"PIEN",7.1,236,"2017",0,91
1,52,"PIEN",7.1,236,"2018",0,91
1,53,"ABLA",6,127,"2016",0,92
1,53,"ABLA",6,127,"2017",0,92
1,53,"ABLA",6,127,"2018",0,92
1,53,"PIEN",12.4,149,"2016",9,93
1,53,"PIEN",12.4,149,"2017",15,93
1,53,"PIEN",12.4,149,"2018",0,93
1,54,"PIEN",14.7,220,"2016",0,94
1,54,"PIEN",14.7,220,"2017",0,94
1,54,"PIEN",14.7,220,"2018",0,94
1,54,"PIEN",20,130,"2016",0,94
1,54,"PIEN",20,130,"2017",75,94
1,54,"PIEN",20,130,"2018",42,94
1,55,"ABLA",10.7,134,"2016",0,95
1,55,"ABLA",10.7,134,"2017",0,95
1,55,"ABLA",10.7,134,"2018",0,95
1,55,"PIEN",6.5,135,"2016",0,96
1,55,"PIEN",6.5,135,"2017",0,96
1,55,"PIEN",6.5,135,"2018",0,96
1,56,"ABLA",4.6,88,"2016",0,97
1,56,"ABLA",4.6,88,"2017",0,97
1,56,"ABLA",4.6,88,"2018",0,97
1,56,"PIEN",4,169,"2016",0,98
1,56,"PIEN",4,169,"2017",0,98
1,56,"PIEN",4,169,"2018",0,98
1,57,"ABLA",6.7,104,"2016",0,99
1,57,"ABLA",6.7,104,"2017",0,99
1,57,"ABLA",6.7,104,"2018",0,99
1,57,"PIEN",11.6,161,"2016",2,100
1,57,"PIEN",11.6,161,"2017",1,100
1,57,"PIEN",11.6,161,"2018",0,100
1,58,"ABLA",5.9,75,"2016",0,101
1,58,"ABLA",5.9,75,"2017",0,101
1,58,"ABLA",5.9,75,"2018",5,101
1,58,"PIEN",5.5,101,"2016",0,102
1,58,"PIEN",5.5,101,"2017",0,102
1,58,"PIEN",5.5,101,"2018",0,102
1,59,"ABLA",5,179,"2016",0,103
1,59,"ABLA",5,179,"2017",0,103
1,59,"ABLA",5,179,"2018",0,103
1,59,"PIEN",5.4,210,"2016",0,104
1,59,"PIEN",5.4,210,"2017",0,104
1,59,"PIEN",5.4,210,"2018",0,104
1,60,"ABLA",7.9,158,"2016",0,107
1,60,"ABLA",7.9,158,"2017",0,107
1,60,"ABLA",7.9,158,"2018",0,107
1,60,"PIEN",5.4,176,"2016",0,108
1,60,"PIEN",5.4,176,"2017",0,108
1,60,"PIEN",5.4,176,"2018",0,108
1,902,"ABLA",7.8,120,"2018",0,115
2,1,"ABLA",22,94,"2016",2,146
2,1,"ABLA",22,94,"2017",8,146
2,1,"ABLA",22,94,"2018",1,146
2,1,"PIEN",30.5,104,"2016",33,147
2,1,"PIEN",30.5,104,"2017",95,147
2,1,"PIEN",30.5,104,"2018",0,147
2,2,"ABLA",23,104,"2016",2,165
2,2,"ABLA",23,104,"2017",93,165
2,2,"ABLA",23,104,"2018",0,165
2,2,"PIEN",25.3,126,"2016",280,166
2,2,"PIEN",25.3,126,"2017",22,166
2,2,"PIEN",25.3,126,"2018",6,166
2,3,"ABLA",41.5,134,"2016",2,167
2,3,"ABLA",41.5,134,"2017",40,167
2,3,"ABLA",41.5,134,"2018",0,167
2,3,"PIEN",20,106,"2016",41.5,168
2,3,"PIEN",20,106,"2017",308,168
2,3,"PIEN",20,106,"2018",8,168
2,4,"ABLA",22,81,"2016",10,169
2,4,"ABLA",22,81,"2017",62,169
2,4,"ABLA",22,81,"2018",0,169
2,4,"PIEN",37,133,"2016",630,170
2,4,"PIEN",37,133,"2017",73.5,170
2,4,"PIEN",37,133,"2018",20,170
2,5,"ABLA",20.5,98,"2016",24,171
2,5,"ABLA",20.5,98,"2017",15,171
2,5,"ABLA",20.5,98,"2018",3,171
2,5,"PIEN",41.6,121,"2016",219,172
2,5,"PIEN",41.6,121,"2017",135.5,172
2,5,"PIEN",41.6,121,"2018",21,172
2,6,"ABLA",13.5,82,"2016",0,173
2,6,"ABLA",13.5,82,"2017",5,173
2,6,"ABLA",13.5,82,"2018",3,173
2,6,"PIEN",29.3,114,"2016",166,174
2,6,"PIEN",29.3,114,"2017",75,174
2,6,"PIEN",29.3,114,"2018",35,174
2,7,"ABLA",12.3,67,"2016",8,175
2,7,"ABLA",12.3,67,"2017",1,175
2,7,"ABLA",12.3,67,"2018",0,175
2,7,"PIEN",26.5,110,"2016",196,176
2,7,"PIEN",26.5,110,"2017",105,176
2,7,"PIEN",26.5,110,"2018",9,176
2,8,"ABLA",16.4,86,"2016",2,177
2,8,"ABLA",16.4,86,"2017",0,177
2,8,"ABLA",16.4,86,"2018",0,177
2,8,"PIEN",19,103,"2016",20,178
2,8,"PIEN",19,103,"2017",65,178
2,8,"PIEN",19,103,"2018",4,178
2,9,"ABLA",10.7,75,"2016",3,179
2,9,"ABLA",10.7,75,"2017",14,179
2,9,"ABLA",10.7,75,"2018",0,179
2,9,"PIEN",10.5,85,"2016",8,180
2,9,"PIEN",10.5,85,"2017",8,180
2,9,"PIEN",10.5,85,"2018",0,180
2,10,"ABLA",11.1,62,"2016",0,148
2,10,"ABLA",11.1,62,"2017",20,148
2,10,"ABLA",11.1,62,"2018",0,148
2,10,"PIEN",26.2,113,"2016",138,149
2,10,"PIEN",26.2,113,"2017",5,149
2,10,"PIEN",26.2,113,"2018",150,149
2,11,"ABLA",9.9,63,"2016",0,150
2,11,"ABLA",9.9,63,"2017",0,150
2,11,"ABLA",9.9,63,"2018",1,150
2,11,"PIEN",7,84,"2016",0,151
2,11,"PIEN",7,84,"2017",0,151
2,11,"PIEN",7,84,"2018",0,151
2,12,"ABLA",8.3,85,"2016",2,152
2,12,"ABLA",8.3,85,"2017",3,152
2,12,"ABLA",8.3,85,"2018",3,152
2,12,"PIEN",6.2,88,"2016",0,153
2,12,"PIEN",6.2,88,"2017",0,153
2,12,"PIEN",6.2,88,"2018",0,153
2,13,"ABLA",9.7,84,"2016",0,154
2,13,"ABLA",9.7,84,"2017",7,154
2,13,"ABLA",9.7,84,"2018",8,154
2,13,"PIEN",7.5,74,"2016",0,155
2,13,"PIEN",7.5,74,"2017",0,155
2,13,"PIEN",7.5,74,"2018",0,155
2,14,"ABLA",5.3,57,"2016",2,156
2,14,"ABLA",5.3,57,"2017",4,156
2,14,"ABLA",5.3,57,"2018",0,156
2,14,"PIEN",5.2,64,"2016",0,157
2,14,"PIEN",5.2,64,"2017",0,157
2,14,"PIEN",5.2,64,"2018",0,157
2,15,"ABLA",4.8,46,"2016",0,158
2,15,"ABLA",4.8,46,"2017",0,158
2,15,"ABLA",4.8,46,"2018",0,158
2,15,"PIEN",5.5,67,"2016",0,159
2,15,"PIEN",5.5,67,"2017",0,159
2,15,"PIEN",5.5,67,"2018",0,159
2,16,"ABLA",17.2,90,"2016",5,160
2,16,"ABLA",17.2,90,"2017",20,160
2,16,"ABLA",17.2,90,"2018",2,160
2,16,"PIEN",45,139,"2016",112,161
2,16,"PIEN",45,139,"2017",20,161
2,16,"PIEN",45,139,"2018",20,161
2,17,"ABLA",3.4,59,"2016",0,162
2,17,"ABLA",3.4,59,"2017",0,162
2,17,"ABLA",3.4,59,"2018",0,162
2,18,"ABLA",19,93,"2016",0,163
2,18,"ABLA",19,93,"2017",13,163
2,18,"ABLA",19,93,"2018",0,163
2,18,"PIEN",3,68,"2018",0,164
3,1,"ABLA",19,115,"2016",34,181
3,1,"ABLA",19,115,"2017",35,181
3,1,"ABLA",19,115,"2018",0,181
3,1,"PIEN",25,123,"2016",11.5,182
3,1,"PIEN",25,123,"2017",95,182
3,1,"PIEN",25,123,"2018",4,182
3,2,"PIEN",26.7,106,"2016",194.5,201
3,2,"PIEN",26.7,106,"2017",244.5,201
3,2,"PIEN",26.7,106,"2018",45,201
3,3,"ABLA",17.9,79,"2016",19,221
3,3,"ABLA",17.9,79,"2017",40,221
3,3,"ABLA",17.9,79,"2018",0,221
3,3,"PIEN",40.5,121,"2016",166.5,222
3,3,"PIEN",40.5,121,"2017",107,222
3,3,"PIEN",40.5,121,"2018",163,222
3,4,"ABLA",22.5,101,"2016",7,232
3,4,"ABLA",22.5,101,"2017",75,232
3,4,"ABLA",22.5,101,"2018",0,232
3,4,"PIEN",30.5,138,"2016",337,233
3,4,"PIEN",30.5,138,"2017",217,233
3,4,"PIEN",30.5,138,"2018",70,233
3,5,"ABLA",27.5,89,"2016",5,239
3,5,"ABLA",27.5,89,"2017",140,239
3,5,"ABLA",27.5,89,"2018",5,239
3,5,"PIEN",24.1,128,"2016",385.5,240
3,5,"PIEN",24.1,128,"2017",446,240
3,5,"PIEN",24.1,128,"2018",37,240
3,6,"ABLA",21.8,83,"2016",2,241
3,6,"ABLA",21.8,83,"2017",5,241
3,6,"ABLA",21.8,83,"2018",0,241
3,6,"PIEN",24.5,111,"2016",95,242
3,6,"PIEN",24.5,111,"2017",336,242
3,6,"PIEN",24.5,111,"2018",15,242
3,7,"ABLA",35,115,"2016",2,243
3,7,"ABLA",35,115,"2017",25,243
3,7,"ABLA",35,115,"2018",0,243
3,7,"PIEN",20,76,"2016",143,244
3,7,"PIEN",20,76,"2017",201.5,244
3,7,"PIEN",20,76,"2018",135,244
3,8,"ABLA",24.2,115,"2016",17,245
3,8,"ABLA",24.2,115,"2017",16,245
3,8,"ABLA",24.2,115,"2018",3,245
3,8,"PIEN",25.5,125,"2016",362,246
3,8,"PIEN",25.5,125,"2017",53,246
3,8,"PIEN",25.5,125,"2018",45,246
3,9,"ABLA",29,112,"2016",23,247
3,9,"ABLA",29,112,"2017",144,247
3,9,"ABLA",29,112,"2018",0,247
3,9,"PIEN",16.8,87,"2016",145.5,248
3,9,"PIEN",16.8,87,"2017",95,248
3,9,"PIEN",16.8,87,"2018",55,248
3,10,"ABLA",38,128,"2016",37,183
3,10,"ABLA",38,128,"2017",118,183
3,10,"ABLA",38,128,"2018",13,183
3,10,"PIEN",19.4,103,"2016",207,184
3,10,"PIEN",19.4,103,"2017",157,184
3,10,"PIEN",19.4,103,"2018",65,184
3,11,"ABLA",14.4,56,"2016",57,185
3,11,"ABLA",14.4,56,"2017",20,185
3,11,"ABLA",14.4,56,"2018",1,185
3,12,"ABLA",11.6,86,"2016",0,186
3,12,"ABLA",11.6,86,"2017",0,186
3,12,"ABLA",11.6,86,"2018",0,186
3,12,"PIEN",6.4,56,"2016",0,187
3,12,"PIEN",6.4,56,"2017",0,187
3,12,"PIEN",6.4,56,"2018",22,187
3,13,"ABLA",8.5,58,"2016",0,188
3,13,"ABLA",8.5,58,"2017",1,188
3,13,"ABLA",8.5,58,"2018",0,188
3,13,"PIEN",7.3,62,"2016",0,189
3,13,"PIEN",7.3,62,"2017",0,189
3,13,"PIEN",7.3,62,"2018",1,189
3,14,"ABLA",5.7,55,"2016",0,190
3,14,"ABLA",5.7,55,"2017",0,190
3,14,"ABLA",5.7,55,"2018",0,190
3,14,"PIEN",8.9,84,"2016",61,191
3,14,"PIEN",8.9,84,"2017",55,191
3,14,"PIEN",8.9,84,"2018",2,191
3,15,"ABLA",6.6,51,"2016",0,192
3,15,"ABLA",6.6,51,"2017",3,192
3,15,"ABLA",6.6,51,"2018",1,192
3,15,"PIEN",7.2,90,"2016",8,193
3,15,"PIEN",7.2,90,"2017",21,193
3,15,"PIEN",7.2,90,"2018",5,193
3,16,"ABLA",10.2,76,"2016",4,194
3,16,"ABLA",10.2,76,"2017",0,194
3,16,"ABLA",10.2,76,"2018",0,194
3,16,"PIEN",8.5,70,"2016",0,195
3,16,"PIEN",8.5,70,"2017",0,195
3,16,"PIEN",8.5,70,"2018",4,195
3,17,"ABLA",10.5,68,"2016",0,196
3,17,"ABLA",10.5,68,"2017",7,196
3,17,"ABLA",10.5,68,"2018",1,196
3,17,"PIEN",7.8,70,"2016",0,197
3,17,"PIEN",7.8,70,"2017",0,197
3,17,"PIEN",7.8,70,"2018",0,197
3,18,"ABLA",10,64,"2016",11,198
3,18,"ABLA",10,64,"2017",0,198
3,18,"ABLA",10,64,"2018",2,198
3,18,"PIEN",6.8,65,"2016",3,199
3,18,"PIEN",6.8,65,"2017",24,199
3,18,"PIEN",6.8,65,"2018",1,199
3,19,"ABLA",12,62,"2016",0,200
3,19,"ABLA",12,62,"2017",1,200
3,19,"ABLA",12,62,"2018",0,200
3,20,"ABLA",7.3,59,"2016",0,202
3,20,"ABLA",7.3,59,"2017",0,202
3,20,"ABLA",7.3,59,"2018",2,202
3,20,"PIEN",7.5,48,"2016",0,203
3,20,"PIEN",7.5,48,"2017",55,203
3,20,"PIEN",7.5,48,"2018",10,203
3,21,"PIEN",6,62,"2016",0,204
3,21,"PIEN",6,62,"2017",0,204
3,21,"PIEN",6,62,"2018",0,204
3,22,"ABLA",4.4,46,"2016",0,205
3,22,"ABLA",4.4,46,"2017",0,205
3,22,"ABLA",4.4,46,"2018",0,205
3,22,"PIEN",7.3,70,"2016",1,206
3,22,"PIEN",7.3,70,"2017",75,206
3,22,"PIEN",7.3,70,"2018",55,206
3,23,"ABLA",4.5,56,"2016",0,207
3,23,"ABLA",4.5,56,"2017",0,207
3,23,"ABLA",4.5,56,"2018",0,207
3,23,"PIEN",6.1,64,"2016",17,208
3,23,"PIEN",6.1,64,"2017",262,208
3,23,"PIEN",6.1,64,"2018",55,208
3,24,"ABLA",5,65,"2016",0,209
3,24,"ABLA",5,65,"2017",1,209
3,24,"ABLA",5,65,"2018",0,209
3,24,"PIEN",4.4,59,"2016",2,210
3,24,"PIEN",4.4,59,"2017",2,210
3,24,"PIEN",4.4,59,"2018",1,210
3,25,"ABLA",5.5,37,"2016",2,211
3,25,"ABLA",5.5,37,"2017",6,211
3,25,"ABLA",5.5,37,"2018",14,211
3,25,"PIEN",4.6,63,"2016",0,212
3,25,"PIEN",4.6,63,"2017",0,212
3,25,"PIEN",4.6,63,"2018",48,212
3,26,"ABLA",4,56,"2016",0,213
3,26,"ABLA",4,56,"2017",0,213
3,26,"ABLA",4,56,"2018",0,213
3,26,"PIEN",4,57,"2016",0,214
3,26,"PIEN",4,57,"2017",0,214
3,26,"PIEN",4,57,"2018",0,214
3,27,"ABLA",6.4,57,"2016",0,215
3,27,"ABLA",6.4,57,"2017",15,215
3,27,"ABLA",6.4,57,"2018",0,215
3,27,"PIEN",4.9,65,"2016",0,216
3,27,"PIEN",4.9,65,"2017",1,216
3,27,"PIEN",4.9,65,"2018",0,216
3,28,"ABLA",5,62,"2016",0,217
3,28,"ABLA",5,62,"2018",0,217
3,28,"PIEN",6.2,64,"2016",0,218
3,28,"PIEN",6.2,64,"2017",25,218
3,28,"PIEN",6.2,64,"2018",0,218
3,29,"ABLA",7,46,"2016",0,219
3,29,"ABLA",7,46,"2018",0,219
3,29,"PIEN",5.1,55,"2016",2,220
3,29,"PIEN",5.1,55,"2017",25,220
3,29,"PIEN",5.1,55,"2018",55,220
3,30,"ABLA",12,55,"2016",0,223
3,30,"ABLA",12,55,"2018",0,223
3,31,"ABLA",7,62,"2016",0,224
3,31,"ABLA",7,62,"2018",0,224
3,31,"PIEN",5.3,48,"2016",0,225
3,31,"PIEN",5.3,48,"2017",0,225
3,31,"PIEN",5.3,48,"2018",0,225
3,32,"PIEN",8,73,"2017",65,226
3,32,"PIEN",8,73,"2018",27,226
3,33,"PIEN",7,84,"2016",31,227
3,33,"PIEN",7,84,"2017",109,227
3,33,"PIEN",7,84,"2018",0,227
3,34,"PIEN",4,44,"2017",1,228
3,34,"PIEN",4,44,"2018",6,228
3,35,"PIEN",4.2,56,"2017",0,229
3,35,"PIEN",4.2,56,"2018",0,229
3,36,"PIEN",5.7,73,"2018",88,230
3,39,"PIEN",6.9,44,"2018",106,231
3,40,"PIEN",7.8,64,"2017",36,234
3,40,"PIEN",7.8,64,"2018",69,234
3,42,"PIEN",7.2,55,"2018",148,235
3,44,"PIEN",5.2,55,"2018",85,236
3,46,"PIEN",4,48,"2017",0,237
3,46,"PIEN",4,48,"2018",1,237
3,47,"PIEN",4,35,"2017",0,238
3,47,"PIEN",4,35,"2018",82,238
4,1,"ABLA",30.5,120,"2016",10,249
4,1,"ABLA",30.5,120,"2017",19,249
4,1,"ABLA",30.5,120,"2018",0,249
4,1,"PIEN",21.3,77,"2016",145,250
4,1,"PIEN",21.3,77,"2017",227,250
4,1,"PIEN",21.3,77,"2018",0,250
4,2,"ABLA",19.5,98,"2016",11,270
4,2,"ABLA",19.5,98,"2017",40,270
4,2,"ABLA",19.5,98,"2018",0,270
4,2,"PIEN",22.5,75,"2016",144,271
4,2,"PIEN",22.5,75,"2017",55,271
4,2,"PIEN",22.5,75,"2018",4,271
4,3,"ABLA",19.5,102,"2016",118,281
4,3,"ABLA",19.5,102,"2017",22,281
4,3,"ABLA",19.5,102,"2018",2,281
4,3,"PIEN",22.4,99,"2016",66.5,282
4,3,"PIEN",22.4,99,"2017",146,282
4,3,"PIEN",22.4,99,"2018",20,282
4,4,"ABLA",37,119,"2016",26,283
4,4,"ABLA",37,119,"2017",58,283
4,4,"ABLA",37,119,"2018",0,283
4,4,"PIEN",19.3,88,"2016",205,284
4,4,"PIEN",19.3,88,"2017",93,284
4,4,"PIEN",19.3,88,"2018",78.5,284
4,5,"ABLA",17,60,"2016",3,285
4,5,"ABLA",17,60,"2017",77,285
4,5,"ABLA",17,60,"2018",0,285
4,5,"PIEN",19.2,96,"2016",54,286
4,5,"PIEN",19.2,96,"2017",68,286
4,5,"PIEN",19.2,96,"2018",45,286
4,6,"ABLA",19.5,65,"2016",11,287
4,6,"ABLA",19.5,65,"2017",5,287
4,6,"ABLA",19.5,65,"2018",2,287
4,6,"PIEN",25.5,118,"2016",163.5,288
4,6,"PIEN",25.5,118,"2017",4,288
4,6,"PIEN",25.5,118,"2018",12,288
4,7,"ABLA",32.5,98,"2016",8,289
4,7,"ABLA",32.5,98,"2017",15,289
4,7,"ABLA",32.5,98,"2018",2,289
4,7,"PIEN",22,119,"2016",14.5,290
4,7,"PIEN",22,119,"2017",12,290
4,7,"PIEN",22,119,"2018",15,290
4,8,"ABLA",24.8,108,"2016",20,291
4,8,"ABLA",24.8,108,"2017",0,291
4,8,"ABLA",24.8,108,"2018",0,291
4,8,"PIEN",26,116,"2016",218,292
4,8,"PIEN",26,116,"2017",123,292
4,8,"PIEN",26,116,"2018",22,292
4,9,"ABLA",21,89,"2016",62,293
4,9,"ABLA",21,89,"2017",25,293
4,9,"ABLA",21,89,"2018",0,293
4,9,"PIEN",10,58,"2016",6,294
4,9,"PIEN",10,58,"2017",96.5,294
4,9,"PIEN",10,58,"2018",8,294
4,10,"ABLA",11,65,"2016",8,251
4,10,"ABLA",11,65,"2017",51,251
4,10,"ABLA",11,65,"2018",0,251
4,10,"PIEN",11.5,54,"2016",78,252
4,10,"PIEN",11.5,54,"2017",125,252
4,10,"PIEN",11.5,54,"2018",17,252
4,11,"ABLA",12,51,"2016",2,253
4,11,"ABLA",12,51,"2017",24,253
4,11,"ABLA",12,51,"2018",1,253
4,11,"PIEN",13,51,"2016",55,254
4,11,"PIEN",13,51,"2017",272,254
4,11,"PIEN",13,51,"2018",8,254
4,12,"ABLA",14.5,56,"2016",31,255
4,12,"ABLA",14.5,56,"2017",67,255
4,12,"ABLA",14.5,56,"2018",0,255
4,12,"PIEN",14.5,61,"2016",1,256
4,12,"PIEN",14.5,61,"2017",56,256
4,12,"PIEN",14.5,61,"2018",0,256
4,13,"ABLA",11.5,55,"2016",25,257
4,13,"ABLA",11.5,55,"2017",25,257
4,13,"ABLA",11.5,55,"2018",0,257
4,13,"PIEN",15,70,"2016",240,258
4,13,"PIEN",15,70,"2017",101.5,258
4,13,"PIEN",15,70,"2018",4,258
4,14,"ABLA",19,84,"2016",2,259
4,14,"ABLA",19,84,"2017",14,259
4,14,"ABLA",19,84,"2018",2,259
4,14,"PIEN",10.5,58,"2016",0,260
4,14,"PIEN",10.5,58,"2017",18,260
4,14,"PIEN",10.5,58,"2018",6,260
4,15,"ABLA",15.5,63,"2016",115.5,261
4,15,"ABLA",15.5,63,"2017",13,261
4,15,"ABLA",15.5,63,"2018",20,261
4,15,"PIEN",11.8,50,"2016",3,262
4,15,"PIEN",11.8,50,"2017",271.5,262
4,15,"PIEN",11.8,50,"2018",5,262
4,16,"ABLA",13,68,"2017",15,263
4,16,"ABLA",13,68,"2018",0,263
4,16,"PIEN",10.8,55,"2016",24,264
4,16,"PIEN",10.8,55,"2017",71,264
4,16,"PIEN",10.8,55,"2018",7,264
4,17,"ABLA",6.5,38,"2016",0,265
4,17,"ABLA",6.5,38,"2017",9,265
4,17,"ABLA",6.5,38,"2018",0,265
4,17,"PIEN",8.4,114,"2016",0,266
4,17,"PIEN",8.4,114,"2017",0,266
4,17,"PIEN",8.4,114,"2018",0,266
4,18,"ABLA",10.3,70,"2016",0,267
4,18,"ABLA",10.3,70,"2017",14,267
4,18,"ABLA",10.3,70,"2018",0,267
4,18,"PIEN",7.3,52,"2016",0,268
4,18,"PIEN",7.3,52,"2017",0,268
4,18,"PIEN",7.3,52,"2018",0,268
4,19,"PIEN",6,36,"2016",13,269
4,19,"PIEN",6,36,"2017",78,269
4,19,"PIEN",6,36,"2018",4,269
4,20,"ABLA",8.5,56,"2016",31,272
4,20,"ABLA",8.5,56,"2017",0,272
4,20,"ABLA",8.5,56,"2018",0,272
4,20,"PIEN",11.2,106,"2016",0,273
4,20,"PIEN",11.2,106,"2017",17,273
4,20,"PIEN",11.2,106,"2018",4,273
4,21,"ABLA",5.8,50,"2016",0,274
4,21,"ABLA",5.8,50,"2017",0,274
4,21,"ABLA",5.8,50,"2018",0,274
4,21,"PIEN",6,102,"2016",0,275
4,21,"PIEN",6,102,"2017",0,275
4,21,"PIEN",6,102,"2018",0,275
4,22,"ABLA",6.5,55,"2016",0,276
4,22,"ABLA",6.5,55,"2017",0,276
4,22,"ABLA",6.5,55,"2018",0,276
4,22,"PIEN",5,42,"2016",1,277
4,22,"PIEN",5,42,"2017",0,277
4,22,"PIEN",5,42,"2018",0,277
4,23,"ABLA",4.7,50,"2016",0,278
4,23,"ABLA",4.7,50,"2017",0,278
4,23,"ABLA",4.7,50,"2018",0,278
4,23,"PIEN",6.7,50,"2016",0,279
4,23,"PIEN",6.7,50,"2017",2,279
4,23,"PIEN",6.7,50,"2018",0,279
4,24,"PIEN",7,50,"2016",0,280
4,24,"PIEN",7,50,"2017",5,280
4,24,"PIEN",7,50,"2018",0,280
5,1,"ABLA",42.7,410,"2016",21,295
5,1,"ABLA",42.7,410,"2017",4,295
5,1,"ABLA",42.7,410,"2018",0,295
5,1,"PIEN",45,291,"2016",148,296
5,1,"PIEN",45,291,"2017",550.5,296
5,1,"PIEN",45,291,"2018",5,296
5,2,"ABLA",30,253,"2016",54,317
5,2,"ABLA",30,253,"2017",12,317
5,2,"ABLA",30,253,"2018",0,317
5,2,"PIEN",37,376,"2016",31,318
5,2,"PIEN",37,376,"2017",12,318
5,2,"PIEN",37,376,"2018",0,318
5,3,"ABLA",39,387,"2016",8,328
5,3,"ABLA",39,387,"2017",26,328
5,3,"ABLA",39,387,"2018",0,328
5,3,"PIEN",42,169,"2016",138,329
5,3,"PIEN",42,169,"2017",1,329
5,3,"PIEN",42,169,"2018",25,329
5,4,"ABLA",43.2,372,"2016",11,330
5,4,"ABLA",43.2,372,"2017",47,330
5,4,"ABLA",43.2,372,"2018",1,330
5,4,"PIEN",54.2,465,"2016",2,331
5,4,"PIEN",54.2,465,"2017",25,331
5,4,"PIEN",54.2,465,"2018",0,331
5,5,"ABLA",41,366,"2016",20,332
5,5,"ABLA",41,366,"2017",33,332
5,5,"ABLA",41,366,"2018",0,332
5,5,"PIEN",33,231,"2016",284,333
5,5,"PIEN",33,231,"2017",2,333
5,5,"PIEN",33,231,"2018",15,333
5,6,"ABLA",42,362,"2016",22,334
5,6,"ABLA",42,362,"2017",23,334
5,6,"ABLA",42,362,"2018",0,334
5,7,"ABLA",46.2,97,"2016",63,335
5,7,"ABLA",46.2,97,"2017",0,335
5,7,"ABLA",46.2,97,"2018",0,335
5,7,"PIEN",43.5,319,"2016",113,336
5,7,"PIEN",43.5,319,"2017",4,336
5,7,"PIEN",43.5,319,"2018",0,336
5,8,"ABLA",30.2,304,"2016",18,337
5,8,"ABLA",30.2,304,"2017",1,337
5,8,"ABLA",30.2,304,"2018",0,337
5,8,"PIEN",64.3,594,"2016",193,338
5,8,"PIEN",64.3,594,"2017",16,338
5,8,"PIEN",64.3,594,"2018",0,338
5,9,"ABLA",19.2,245,"2016",18,339
5,9,"ABLA",19.2,245,"2017",46,339
5,9,"ABLA",19.2,245,"2018",0,339
5,9,"PIEN",21.1,141,"2016",22,340
5,9,"PIEN",21.1,141,"2017",78,340
5,9,"PIEN",21.1,141,"2018",4,340
5,10,"ABLA",14.7,110,"2016",60,297
5,10,"ABLA",14.7,110,"2017",26,297
5,10,"ABLA",14.7,110,"2018",1,297
5,10,"PIEN",25.5,135,"2016",218,298
5,10,"PIEN",25.5,135,"2017",14,298
5,10,"PIEN",25.5,135,"2018",0,298
5,11,"ABLA",20.5,100,"2016",94,299
5,11,"ABLA",20.5,100,"2017",10,299
5,11,"ABLA",20.5,100,"2018",0,299
5,11,"PIEN",36.3,270,"2016",76,300
5,11,"PIEN",36.3,270,"2017",3,300
5,11,"PIEN",36.3,270,"2018",3,300
5,12,"ABLA",15,134,"2016",12,301
5,12,"ABLA",15,134,"2017",0,301
5,12,"ABLA",15,134,"2018",0,301
5,12,"PIEN",26,191,"2016",146,302
5,12,"PIEN",26,191,"2017",30,302
5,12,"PIEN",26,191,"2018",0,302
5,13,"ABLA",22.9,196,"2016",37,303
5,13,"ABLA",22.9,196,"2017",0,303
5,13,"ABLA",22.9,196,"2018",0,303
5,13,"PIEN",23.8,212,"2016",201,304
5,13,"PIEN",23.8,212,"2017",30,304
5,13,"PIEN",23.8,212,"2018",5,304
5,14,"ABLA",16.2,139,"2016",18,305
5,14,"ABLA",16.2,139,"2017",65,305
5,14,"ABLA",16.2,139,"2018",0,305
5,14,"PIEN",18.8,142,"2016",47,306
5,14,"PIEN",18.8,142,"2017",33,306
5,14,"PIEN",18.8,142,"2018",3,306
5,15,"ABLA",16.9,114,"2016",2,307
5,15,"ABLA",16.9,114,"2017",0,307
5,15,"ABLA",16.9,114,"2018",2,307
5,15,"PIEN",14,122,"2016",52,308
5,15,"PIEN",14,122,"2017",8,308
5,15,"PIEN",14,122,"2018",1,308
5,16,"ABLA",24.5,176,"2016",9,309
5,16,"ABLA",24.5,176,"2017",135,309
5,16,"ABLA",24.5,176,"2018",0,309
5,16,"PIEN",23.8,267,"2016",20,310
5,16,"PIEN",23.8,267,"2017",30,310
5,16,"PIEN",23.8,267,"2018",1,310
5,17,"ABLA",9.8,115,"2016",4,311
5,17,"ABLA",9.8,115,"2017",5,311
5,17,"ABLA",9.8,115,"2018",0,311
5,17,"PIEN",5.2,116,"2016",0,312
5,17,"PIEN",5.2,116,"2017",0,312
5,17,"PIEN",5.2,116,"2018",0,312
5,18,"ABLA",10.1,106,"2016",5,313
5,18,"ABLA",10.1,106,"2017",9,313
5,18,"ABLA",10.1,106,"2018",0,313
5,18,"PIEN",10.8,137,"2016",0,314
5,18,"PIEN",10.8,137,"2017",0,314
5,18,"PIEN",10.8,137,"2018",0,314
5,19,"ABLA",6.5,72,"2016",0,315
5,19,"ABLA",6.5,72,"2017",0,315
5,19,"ABLA",6.5,72,"2018",0,315
5,19,"PIEN",9.7,100,"2016",2,316
5,19,"PIEN",9.7,100,"2017",2,316
5,19,"PIEN",9.7,100,"2018",0,316
5,20,"ABLA",7.2,83,"2016",0,319
5,20,"ABLA",7.2,83,"2017",0,319
5,20,"ABLA",7.2,83,"2018",0,319
5,20,"PIEN",9.9,79,"2016",0,320
5,20,"PIEN",9.9,79,"2017",0,320
5,20,"PIEN",9.9,79,"2018",0,320
5,21,"ABLA",6,92,"2016",0,321
5,21,"ABLA",6,92,"2017",1,321
5,21,"ABLA",6,92,"2018",0,321
5,22,"ABLA",8.2,92,"2016",0,322
5,22,"ABLA",8.2,92,"2017",0,322
5,22,"ABLA",8.2,92,"2018",0,322
5,22,"PIEN",8,99,"2016",0,323
5,22,"PIEN",8,99,"2017",0,323
5,22,"PIEN",8,99,"2018",0,323
5,23,"ABLA",6.8,152,"2016",0,324
5,23,"ABLA",6.8,152,"2017",0,324
5,23,"ABLA",6.8,152,"2018",0,324
5,23,"PIEN",6.7,126,"2016",0,325
5,23,"PIEN",6.7,126,"2017",0,325
5,23,"PIEN",6.7,126,"2018",0,325
5,24,"ABLA",5.8,82,"2016",0,326
5,24,"ABLA",5.8,82,"2017",0,326
5,24,"ABLA",5.8,82,"2018",0,326
5,24,"PIEN",7.8,122,"2016",0,327
5,24,"PIEN",7.8,122,"2017",3,327
5,24,"PIEN",7.8,122,"2018",0,327
6,1,"ABLA",17.4,102,"2016",5,341
6,1,"ABLA",17.4,102,"2017",30,341
6,1,"ABLA",17.4,102,"2018",7,341
6,1,"PIEN",36,142,"2016",497,342
6,1,"PIEN",36,142,"2017",10,342
6,1,"PIEN",36,142,"2018",1,342
6,2,"ABLA",19.4,100,"2016",5,363
6,2,"ABLA",19.4,100,"2017",0,363
6,2,"ABLA",19.4,100,"2018",0,363
6,2,"PIEN",33.7,153,"2016",368,364
6,2,"PIEN",33.7,153,"2017",140.5,364
6,2,"PIEN",33.7,153,"2018",6,364
6,3,"ABLA",27,94,"2016",22,376
6,3,"ABLA",27,94,"2017",2,376
6,3,"ABLA",27,94,"2018",0,376
6,3,"PIEN",27,135,"2016",103,377
6,3,"PIEN",27,135,"2017",45,377
6,3,"PIEN",27,135,"2018",8,377
6,4,"ABLA",15.8,113,"2016",0,378
6,4,"ABLA",15.8,113,"2017",40,378
6,4,"ABLA",15.8,113,"2018",0,378
6,4,"PIEN",25.2,132,"2016",108,379
6,4,"PIEN",25.2,132,"2017",40,379
6,4,"PIEN",25.2,132,"2018",25,379
6,5,"ABLA",21.5,127,"2016",29,380
6,5,"ABLA",21.5,127,"2017",0,380
6,5,"ABLA",21.5,127,"2018",0,380
6,5,"PIEN",24,110,"2016",0,381
6,5,"PIEN",24,110,"2017",103,381
6,5,"PIEN",24,110,"2018",2,381
6,6,"ABLA",29.2,131,"2016",33,382
6,6,"ABLA",29.2,131,"2017",1,382
6,6,"ABLA",29.2,131,"2018",0,382
6,6,"PIEN",35,143,"2016",33,383
6,6,"PIEN",35,143,"2017",22,383
6,6,"PIEN",35,143,"2018",0,383
6,7,"ABLA",32,159,"2016",2,384
6,7,"ABLA",32,159,"2017",4,384
6,7,"ABLA",32,159,"2018",0,384
6,7,"PIEN",27.3,171,"2016",39,385
6,7,"PIEN",27.3,171,"2017",180.5,385
6,7,"PIEN",27.3,171,"2018",0,385
6,8,"ABLA",21,141,"2016",25,386
6,8,"ABLA",21,141,"2017",20,386
6,8,"ABLA",21,141,"2018",0,386
6,8,"PIEN",27.5,147,"2016",31,387
6,8,"PIEN",27.5,147,"2017",37,387
6,8,"PIEN",27.5,147,"2018",1,387
6,9,"ABLA",18.3,109,"2016",0,388
6,9,"ABLA",18.3,109,"2017",0,388
6,9,"ABLA",18.3,109,"2018",0,388
6,9,"PIEN",10.5,133,"2016",72,389
6,9,"PIEN",10.5,133,"2017",22,389
6,9,"PIEN",10.5,133,"2018",0,389
6,10,"ABLA",12,102,"2016",0,343
6,10,"ABLA",12,102,"2017",0,343
6,10,"ABLA",12,102,"2018",0,343
6,10,"PIEN",21,135,"2016",22,344
6,10,"PIEN",21,135,"2017",40,344
6,10,"PIEN",21,135,"2018",1,344
6,11,"ABLA",15.5,91,"2016",9,345
6,11,"ABLA",15.5,91,"2017",12,345
6,11,"ABLA",15.5,91,"2018",0,345
6,11,"PIEN",21,110,"2016",62,346
6,11,"PIEN",21,110,"2017",72,346
6,11,"PIEN",21,110,"2018",2,346
6,12,"ABLA",9.8,105,"2016",0,347
6,12,"ABLA",9.8,105,"2017",0,347
6,12,"ABLA",9.8,105,"2018",1,347
6,12,"PIEN",19,96,"2016",17,348
6,12,"PIEN",19,96,"2017",45,348
6,12,"PIEN",19,96,"2018",0,348
6,13,"ABLA",12.2,102,"2016",2,349
6,13,"ABLA",12.2,102,"2017",1,349
6,13,"ABLA",12.2,102,"2018",0,349
6,13,"PIEN",15.2,116,"2016",48,350
6,13,"PIEN",15.2,116,"2017",33,350
6,13,"PIEN",15.2,116,"2018",11,350
6,14,"ABLA",12.5,89,"2016",4,351
6,14,"ABLA",12.5,89,"2017",2,351
6,14,"ABLA",12.5,89,"2018",0,351
6,14,"PIEN",14,120,"2016",27,352
6,14,"PIEN",14,120,"2017",24,352
6,14,"PIEN",14,120,"2018",8,352
6,15,"ABLA",8,73,"2016",0,353
6,15,"ABLA",8,73,"2017",0,353
6,15,"ABLA",8,73,"2018",0,353
6,15,"PIEN",17,176,"2016",44,354
6,15,"PIEN",17,176,"2017",22,354
6,15,"PIEN",17,176,"2018",3,354
6,16,"ABLA",8.2,82,"2016",0,355
6,16,"ABLA",8.2,82,"2017",27,355
6,16,"ABLA",8.2,82,"2018",0,355
6,16,"PIEN",20,146,"2016",114,356
6,16,"PIEN",20,146,"2017",39,356
6,16,"PIEN",20,146,"2018",5,356
6,17,"ABLA",4.5,52,"2016",0,357
6,17,"ABLA",4.5,52,"2017",0,357
6,17,"ABLA",4.5,52,"2018",0,357
6,17,"PIEN",9,71,"2016",0,358
6,17,"PIEN",9,71,"2017",0,358
6,17,"PIEN",9,71,"2018",1,358
6,18,"ABLA",4.5,55,"2016",0,359
6,18,"ABLA",4.5,55,"2017",3,359
6,18,"ABLA",4.5,55,"2018",0,359
6,18,"PIEN",9,107,"2016",0,360
6,18,"PIEN",9,107,"2017",0,360
6,18,"PIEN",9,107,"2018",0,360
6,19,"ABLA",7.5,69,"2016",0,361
6,19,"ABLA",7.5,69,"2017",5,361
6,19,"ABLA",7.5,69,"2018",0,361
6,19,"PIEN",8.5,106,"2016",0,362
6,19,"PIEN",8.5,106,"2017",0,362
6,19,"PIEN",8.5,106,"2018",0,362
6,20,"ABLA",7.5,93,"2016",0,365
6,20,"ABLA",7.5,93,"2017",0,365
6,20,"ABLA",7.5,93,"2018",0,365
6,20,"PIEN",8.5,92,"2016",0,366
6,20,"PIEN",8.5,92,"2017",0,366
6,20,"PIEN",8.5,92,"2018",0,366
6,21,"ABLA",9.5,117,"2016",0,367
6,21,"ABLA",9.5,117,"2017",0,367
6,21,"ABLA",9.5,117,"2018",0,367
6,21,"PIEN",6,83,"2016",0,368
6,21,"PIEN",6,83,"2017",0,368
6,21,"PIEN",6,83,"2018",0,368
6,22,"ABLA",9.3,97,"2016",1,369
6,22,"ABLA",9.3,97,"2017",7,369
6,22,"ABLA",9.3,97,"2018",0,369
6,22,"PIEN",4,58,"2016",0,370
6,22,"PIEN",4,58,"2017",0,370
6,22,"PIEN",4,58,"2018",0,370
6,23,"ABLA",9,125,"2016",0,371
6,23,"ABLA",9,125,"2017",0,371
6,23,"ABLA",9,125,"2018",0,371
6,23,"PIEN",5.3,66,"2016",0,372
6,23,"PIEN",5.3,66,"2017",0,372
6,23,"PIEN",5.3,66,"2018",0,372
6,24,"ABLA",6,61,"2016",0,373
6,24,"ABLA",6,61,"2017",0,373
6,24,"ABLA",6,61,"2018",0,373
6,24,"PIEN",6,58,"2016",0,374
6,24,"PIEN",6,58,"2017",0,374
6,24,"PIEN",6,58,"2018",0,374
6,25,"PIEN",19,100,"2016",41,375
6,25,"PIEN",19,100,"2017",1,375
6,25,"PIEN",19,100,"2018",15,375
7,1,"ABLA",40.5,324,"2017",21,390
7,1,"ABLA",40.5,324,"2018",40,390
7,1,"PIEN",42.3,357,"2017",10,391
7,1,"PIEN",42.3,357,"2018",3,391
7,2,"ABLA",42.5,113,"2017",121,412
7,2,"ABLA",42.5,113,"2018",5,412
7,2,"PIEN",30.9,198,"2017",11,413
7,2,"PIEN",30.9,198,"2018",45,413
7,3,"ABLA",28,158,"2017",2,424
7,3,"ABLA",28,158,"2018",5,424
7,3,"PIEN",31.3,354,"2017",10,425
7,3,"PIEN",31.3,354,"2018",120,425
7,4,"ABLA",31.2,298,"2017",53,426
7,4,"ABLA",31.2,298,"2018",10,426
7,4,"PIEN",46,284,"2017",252.5,427
7,4,"PIEN",46,284,"2018",90,427
7,5,"PIEN",42.5,347,"2017",33,428
7,5,"PIEN",42.5,347,"2018",2,428
7,6,"ABLA",34.5,289,"2017",8,429
7,6,"ABLA",34.5,289,"2018",0,429
7,6,"PIEN",32.3,376,"2017",19,430
7,6,"PIEN",32.3,376,"2018",4,430
7,7,"ABLA",28,186,"2017",108,431
7,7,"ABLA",28,186,"2018",2,431
7,7,"PIEN",51.5,489,"2017",0,432
7,7,"PIEN",51.5,489,"2018",17,432
7,8,"ABLA",18,176,"2017",0,433
7,8,"ABLA",18,176,"2018",0,433
7,8,"PIEN",24.3,340,"2017",0,434
7,8,"PIEN",24.3,340,"2018",5,434
7,9,"ABLA",16.8,136,"2017",11,435
7,9,"ABLA",16.8,136,"2018",1,435
7,9,"PIEN",19.2,111,"2017",2,436
7,9,"PIEN",19.2,111,"2018",30,436
7,10,"ABLA",18.1,169,"2017",20,392
7,10,"ABLA",18.1,169,"2018",2,392
7,10,"PIEN",21.5,148,"2017",195,393
7,10,"PIEN",21.5,148,"2018",40,393
7,11,"ABLA",13.8,111,"2017",38,394
7,11,"ABLA",13.8,111,"2018",0,394
7,11,"PIEN",24.7,183,"2017",52,395
7,11,"PIEN",24.7,183,"2018",20,395
7,12,"ABLA",18.3,152,"2017",0,396
7,12,"ABLA",18.3,152,"2018",1,396
7,12,"PIEN",15.7,95,"2017",46,397
7,12,"PIEN",15.7,95,"2018",12,397
7,13,"ABLA",22,272,"2017",12,398
7,13,"ABLA",22,272,"2018",0,398
7,13,"PIEN",39.5,337,"2017",1,399
7,13,"PIEN",39.5,337,"2018",5,399
7,14,"ABLA",17.4,162,"2017",8,400
7,14,"ABLA",17.4,162,"2018",0,400
7,14,"PIEN",20.3,159,"2017",58,401
7,14,"PIEN",20.3,159,"2018",6,401
7,15,"ABLA",17.8,167,"2017",2,402
7,15,"ABLA",17.8,167,"2018",0,402
7,15,"PIEN",22.5,396,"2017",1,403
7,15,"PIEN",22.5,396,"2018",0,403
7,16,"ABLA",20,108,"2017",45,404
7,16,"ABLA",20,108,"2018",2,404
7,16,"PIEN",32.1,410,"2017",3,405
7,16,"PIEN",32.1,410,"2018",3,405
7,17,"ABLA",9.8,119,"2017",18,406
7,17,"ABLA",9.8,119,"2018",0,406
7,17,"PIEN",14,217,"2017",5,407
7,17,"PIEN",14,217,"2018",1,407
7,18,"ABLA",7.1,120,"2017",0,408
7,18,"ABLA",7.1,120,"2018",0,408
7,18,"PIEN",13.5,108,"2017",0,409
7,18,"PIEN",13.5,108,"2018",0,409
7,19,"ABLA",5.5,136,"2017",0,410
7,19,"ABLA",5.5,136,"2018",0,410
7,19,"PIEN",4.5,107,"2017",0,411
7,19,"PIEN",4.5,107,"2018",0,411
7,20,"ABLA",4.5,61,"2017",0,414
7,20,"ABLA",4.5,61,"2018",0,414
7,20,"PIEN",6.5,98,"2017",3,415
7,20,"PIEN",6.5,98,"2018",5,415
7,21,"ABLA",8.2,119,"2017",0,416
7,21,"ABLA",8.2,119,"2018",0,416
7,21,"PIEN",4.5,58,"2017",0,417
7,21,"PIEN",4.5,58,"2018",0,417
7,22,"ABLA",4.5,85,"2017",0,418
7,22,"ABLA",4.5,85,"2018",0,418
7,22,"PIEN",8.2,132,"2017",1,419
7,22,"PIEN",8.2,132,"2018",2,419
7,23,"ABLA",9.8,154,"2017",2,420
7,23,"ABLA",9.8,154,"2018",5,420
7,23,"PIEN",6.3,71,"2017",8,421
7,23,"PIEN",6.3,71,"2018",0,421
7,24,"ABLA",5.3,113,"2017",0,422
7,24,"ABLA",5.3,113,"2018",0,422
7,24,"PIEN",4.4,58,"2017",0,423
7,24,"PIEN",4.4,58,"2018",0,423
8,1,"ABLA",18.5,87,"2016",18,437
8,1,"ABLA",18.5,87,"2017",270.5,437
8,1,"ABLA",18.5,87,"2018",0,437
8,1,"PIEN",27.3,105,"2016",160.5,438
8,1,"PIEN",27.3,105,"2017",324.5,438
8,1,"PIEN",27.3,105,"2018",88,438
8,2,"ABLA",28,137,"2016",7,454
8,2,"ABLA",28,137,"2017",7,454
8,2,"ABLA",28,137,"2018",0,454
8,2,"PIEN",21,109,"2016",147,455
8,2,"PIEN",21,109,"2017",220,455
8,2,"PIEN",21,109,"2018",95,455
8,3,"ABLA",23,132,"2016",0,456
8,3,"ABLA",23,132,"2017",5,456
8,3,"ABLA",23,132,"2018",1,456
8,3,"PIEN",15,97,"2016",2,457
8,3,"PIEN",15,97,"2017",23,457
8,3,"PIEN",15,97,"2018",6,457
8,4,"ABLA",23.1,104,"2016",9,458
8,4,"ABLA",23.1,104,"2017",11,458
8,4,"ABLA",23.1,104,"2018",10,458
8,4,"PIEN",23,126,"2016",450,459
8,4,"PIEN",23,126,"2017",105,459
8,4,"PIEN",23,126,"2018",48,459
8,5,"ABLA",15.5,85,"2016",0,460
8,5,"ABLA",15.5,85,"2017",2,460
8,5,"ABLA",15.5,85,"2018",0,460
8,5,"PIEN",12,89,"2016",0,461
8,5,"PIEN",12,89,"2017",49,461
8,5,"PIEN",12,89,"2018",2,461
8,6,"ABLA",8.7,65,"2016",0,462
8,6,"ABLA",8.7,65,"2017",6,462
8,6,"ABLA",8.7,65,"2018",0,462
8,6,"PIEN",10,88,"2016",0,463
8,6,"PIEN",10,88,"2017",0,463
8,6,"PIEN",10,88,"2018",0,463
8,7,"ABLA",11.4,57,"2016",71,464
8,7,"ABLA",11.4,57,"2017",4,464
8,7,"ABLA",11.4,57,"2018",0,464
8,7,"PIEN",9.5,69,"2016",2,465
8,7,"PIEN",9.5,69,"2017",1,465
8,7,"PIEN",9.5,69,"2018",0,465
8,8,"ABLA",14,104,"2016",0,466
8,8,"ABLA",14,104,"2017",5,466
8,8,"ABLA",14,104,"2018",0,466
8,8,"PIEN",12,93,"2016",3,467
8,8,"PIEN",12,93,"2017",64,467
8,8,"PIEN",12,93,"2018",14,467
8,9,"ABLA",7.2,58,"2016",1,468
8,9,"ABLA",7.2,58,"2017",5,468
8,9,"ABLA",7.2,58,"2018",1,468
8,9,"PIEN",8,61,"2016",0,469
8,9,"PIEN",8,61,"2017",0,469
8,9,"PIEN",8,61,"2018",0,469
8,10,"ABLA",6.2,55,"2016",0,439
8,10,"ABLA",6.2,55,"2017",10,439
8,10,"ABLA",6.2,55,"2018",2,439
8,10,"PIEN",5,68,"2016",0,440
8,10,"PIEN",5,68,"2017",0,440
8,10,"PIEN",5,68,"2018",0,440
8,11,"ABLA",8.5,71,"2016",0,441
8,11,"ABLA",8.5,71,"2017",0,441
8,11,"ABLA",8.5,71,"2018",0,441
8,11,"PIEN",8,72,"2016",0,442
8,11,"PIEN",8,72,"2017",0,442
8,11,"PIEN",8,72,"2018",0,442
8,12,"ABLA",8.2,63,"2016",0,443
8,12,"ABLA",8.2,63,"2017",10,443
8,12,"ABLA",8.2,63,"2018",1,443
8,12,"PIEN",9,74,"2016",0,444
8,12,"PIEN",9,74,"2017",5,444
8,12,"PIEN",9,74,"2018",0,444
8,13,"ABLA",17,65,"2016",5,445
8,13,"ABLA",17,65,"2017",4,445
8,13,"ABLA",17,65,"2018",4,445
8,13,"PIEN",20.3,77,"2016",193.5,446
8,13,"PIEN",20.3,77,"2017",78,446
8,13,"PIEN",20.3,77,"2018",12,446
8,14,"ABLA",18.5,79,"2016",0,447
8,14,"ABLA",18.5,79,"2017",15,447
8,14,"ABLA",18.5,79,"2018",0,447
8,14,"PIEN",9.5,53,"2016",0,448
8,14,"PIEN",9.5,53,"2017",5,448
8,14,"PIEN",9.5,53,"2018",0,448
8,15,"ABLA",8,64,"2016",0,449
8,15,"ABLA",8,64,"2017",9,449
8,15,"ABLA",8,64,"2018",0,449
8,15,"PIEN",5.5,32,"2016",0,450
8,15,"PIEN",5.5,32,"2017",0,450
8,15,"PIEN",5.5,32,"2018",0,450
8,16,"ABLA",4.3,33,"2016",0,451
8,16,"ABLA",4.3,33,"2017",0,451
8,16,"ABLA",4.3,33,"2018",0,451
8,16,"PIEN",14,81,"2016",79,452
8,16,"PIEN",14,81,"2017",359.5,452
8,16,"PIEN",14,81,"2018",0,452
8,17,"ABLA",33,135,"2016",55,453
8,17,"ABLA",33,135,"2017",17,453
8,17,"ABLA",33,135,"2018",10,453
9,1,"ABLA",15.8,72,"2016",0,470
9,1,"ABLA",15.8,72,"2017",1,470
9,1,"ABLA",15.8,72,"2018",0,470
9,1,"PIEN",14,83,"2016",9,471
9,1,"PIEN",14,83,"2017",29,471
9,1,"PIEN",14,83,"2018",4,471
9,2,"ABLA",28.5,109,"2016",1,484
9,2,"ABLA",28.5,109,"2017",2,484
9,2,"ABLA",28.5,109,"2018",0,484
9,2,"PIEN",18.6,95,"2016",100,485
9,2,"PIEN",18.6,95,"2017",377,485
9,2,"PIEN",18.6,95,"2018",53,485
9,3,"ABLA",15,85,"2016",2,486
9,3,"ABLA",15,85,"2017",0,486
9,3,"ABLA",15,85,"2018",0,486
9,3,"PIEN",26.7,82,"2016",126,487
9,3,"PIEN",26.7,82,"2017",7,487
9,3,"PIEN",26.7,82,"2018",55,487
9,4,"PIEN",17.9,61,"2016",0,488
9,4,"PIEN",17.9,61,"2017",13,488
9,4,"PIEN",17.9,61,"2018",21,488
9,5,"ABLA",7,51,"2016",22,489
9,5,"ABLA",7,51,"2017",4,489
9,5,"ABLA",7,51,"2018",42,489
9,5,"PIEN",11.6,77,"2016",3,490
9,5,"PIEN",11.6,77,"2017",244.5,490
9,5,"PIEN",11.6,77,"2018",0,490
9,6,"ABLA",9.5,75,"2016",0,491
9,6,"ABLA",9.5,75,"2017",0,491
9,6,"ABLA",9.5,75,"2018",0,491
9,6,"PIEN",11.4,82,"2016",5,492
9,6,"PIEN",11.4,82,"2017",51,492
9,6,"PIEN",11.4,82,"2018",21,492
9,7,"ABLA",13.5,75,"2016",0,493
9,7,"ABLA",13.5,75,"2017",2,493
9,7,"ABLA",13.5,75,"2018",0,493
9,7,"PIEN",10.1,65,"2016",0,494
9,7,"PIEN",10.1,65,"2017",4,494
9,7,"PIEN",10.1,65,"2018",1,494
9,8,"ABLA",10.9,88,"2016",1,495
9,8,"ABLA",10.9,88,"2017",6,495
9,8,"ABLA",10.9,88,"2018",1,495
9,8,"PIEN",13.2,98,"2016",0,496
9,8,"PIEN",13.2,98,"2017",133,496
9,8,"PIEN",13.2,98,"2018",12,496
9,9,"ABLA",10,103,"2016",0,497
9,9,"ABLA",10,103,"2017",2,497
9,9,"ABLA",10,103,"2018",0,497
9,9,"PIEN",4.7,46,"2016",0,498
9,9,"PIEN",4.7,46,"2017",11,498
9,9,"PIEN",4.7,46,"2018",2,498
9,10,"ABLA",9,82,"2016",0,472
9,10,"ABLA",9,82,"2017",0,472
9,10,"ABLA",9,82,"2018",0,472
9,10,"PIEN",5,65,"2016",0,473
9,10,"PIEN",5,65,"2017",0,473
9,10,"PIEN",5,65,"2018",0,473
9,11,"ABLA",7.2,52,"2016",0,474
9,11,"ABLA",7.2,52,"2017",0,474
9,11,"ABLA",7.2,52,"2018",0,474
9,11,"PIEN",4,72,"2016",0,475
9,11,"PIEN",4,72,"2017",0,475
9,11,"PIEN",4,72,"2018",0,475
9,12,"ABLA",4.7,70,"2016",0,476
9,12,"ABLA",4.7,70,"2017",0,476
9,12,"ABLA",4.7,70,"2018",0,476
9,12,"PIEN",6,51,"2016",0,477
9,12,"PIEN",6,51,"2017",0,477
9,12,"PIEN",6,51,"2018",0,477
9,13,"ABLA",6.5,57,"2016",0,478
9,13,"ABLA",6.5,57,"2017",1,478
9,13,"ABLA",6.5,57,"2018",0,478
9,13,"PIEN",36.5,119,"2016",1308.5,479
9,13,"PIEN",36.5,119,"2017",192,479
9,13,"PIEN",36.5,119,"2018",35,479
9,14,"ABLA",8,58,"2016",0,480
9,14,"ABLA",8,58,"2017",12,480
9,14,"ABLA",8,58,"2018",0,480
9,14,"PIEN",9,61,"2016",23,481
9,14,"PIEN",9,61,"2017",63,481
9,14,"PIEN",9,61,"2018",0,481
9,15,"ABLA",4.5,61,"2016",0,482
9,15,"ABLA",4.5,61,"2017",0,482
9,15,"ABLA",4.5,61,"2018",0,482
9,15,"PIEN",9.5,51,"2016",0,483
9,15,"PIEN",9.5,51,"2017",26,483
9,15,"PIEN",9.5,51,"2018",6,483
10,1,"ABLA",15.7,77,"2016",42,116
10,1,"ABLA",15.7,77,"2017",2,116
10,1,"ABLA",15.7,77,"2018",18,116
10,1,"PIEN",28.7,138,"2016",78,117
10,1,"PIEN",28.7,138,"2017",411.5,117
10,1,"PIEN",28.7,138,"2018",145,117
10,2,"ABLA",21.5,103,"2016",58,130
10,2,"ABLA",21.5,103,"2017",53,130
10,2,"ABLA",21.5,103,"2018",8,130
10,2,"PIEN",29,151,"2016",35,131
10,2,"PIEN",29,151,"2017",278.5,131
10,2,"PIEN",29,151,"2018",26,131
10,3,"ABLA",23.8,89,"2016",25,132
10,3,"ABLA",23.8,89,"2017",3,132
10,3,"ABLA",23.8,89,"2018",48,132
10,3,"PIEN",32,151,"2016",1170.5,133
10,3,"PIEN",32,151,"2017",190,133
10,3,"PIEN",32,151,"2018",110,133
10,4,"ABLA",19,72,"2016",97,134
10,4,"ABLA",19,72,"2017",13,134
10,4,"ABLA",19,72,"2018",5,134
10,4,"PIEN",26.5,129,"2016",349,135
10,4,"PIEN",26.5,129,"2017",875.5,135
10,4,"PIEN",26.5,129,"2018",95,135
10,5,"ABLA",18,92,"2016",2,136
10,5,"ABLA",18,92,"2017",7,136
10,5,"ABLA",18,92,"2018",0,136
10,5,"PIEN",34.5,160,"2016",313.5,137
10,5,"PIEN",34.5,160,"2017",96.5,137
10,5,"PIEN",34.5,160,"2018",105,137
10,6,"ABLA",12.7,75,"2016",0,138
10,6,"ABLA",12.7,75,"2017",7,138
10,6,"ABLA",12.7,75,"2018",0,138
10,6,"PIEN",19,97,"2016",114.5,139
10,6,"PIEN",19,97,"2017",283,139
10,6,"PIEN",19,97,"2018",4,139
10,7,"ABLA",15,115,"2016",12,140
10,7,"ABLA",15,115,"2017",35,140
10,7,"ABLA",15,115,"2018",27,140
10,7,"PIEN",20,84,"2016",103,141
10,7,"PIEN",20,84,"2017",250.5,141
10,7,"PIEN",20,84,"2018",1,141
10,8,"ABLA",13.5,52,"2016",1,142
10,8,"ABLA",13.5,52,"2017",2,142
10,8,"ABLA",13.5,52,"2018",7,142
10,8,"PIEN",23.9,85,"2016",124,143
10,8,"PIEN",23.9,85,"2017",258,143
10,8,"PIEN",23.9,85,"2018",31,143
10,9,"ABLA",14.5,64,"2016",0,144
10,9,"ABLA",14.5,64,"2017",9,144
10,9,"ABLA",14.5,64,"2018",0,144
10,9,"PIEN",10.6,82,"2016",103,145
10,9,"PIEN",10.6,82,"2017",330,145
10,9,"PIEN",10.6,82,"2018",65,145
10,10,"ABLA",17.3,103,"2016",13,118
10,10,"ABLA",17.3,103,"2017",0,118
10,10,"ABLA",17.3,103,"2018",16,118
10,10,"PIEN",16.2,50,"2016",137,119
10,10,"PIEN",16.2,50,"2018",31,119
10,11,"ABLA",8,66,"2016",0,120
10,11,"ABLA",8,66,"2017",0,120
10,11,"ABLA",8,66,"2018",0,120
10,11,"PIEN",7,63,"2016",0,121
10,11,"PIEN",7,63,"2017",0,121
10,11,"PIEN",7,63,"2018",0,121
10,12,"ABLA",5.3,67,"2016",0,122
10,12,"ABLA",5.3,67,"2017",0,122
10,12,"ABLA",5.3,67,"2018",0,122
10,12,"PIEN",6.7,64,"2016",0,123
10,12,"PIEN",6.7,64,"2017",0,123
10,12,"PIEN",6.7,64,"2018",1,123
10,13,"ABLA",5.5,70,"2016",0,124
10,13,"ABLA",5.5,70,"2017",0,124
10,13,"ABLA",5.5,70,"2018",1,124
10,13,"PIEN",7,63,"2016",0,125
10,13,"PIEN",7,63,"2017",0,125
10,13,"PIEN",7,63,"2018",5,125
10,14,"ABLA",6.1,56,"2016",0,126
10,14,"ABLA",6.1,56,"2017",0,126
10,14,"ABLA",6.1,56,"2018",0,126
10,14,"PIEN",7.2,65,"2016",0,127
10,14,"PIEN",7.2,65,"2017",14,127
10,14,"PIEN",7.2,65,"2018",6,127
10,15,"ABLA",5.6,51,"2016",0,128
10,15,"ABLA",5.6,51,"2017",5,128
10,15,"ABLA",5.6,51,"2018",1,128
10,15,"PIEN",4.5,51,"2016",0,129
10,15,"PIEN",4.5,51,"2017",5,129
10,15,"PIEN",4.5,51,"2018",7,129
